"Symbol","Name","LastSale","MarketCap","ADR TSO","IPOyear","Sector","Industry","Summary Quote",
"ADTN","ADTRAN, Inc.","14.91","712355711.13","n/a","1994","Public Utilities","Telecommunications Equipment","https://www.nasdaq.com/symbol/adtn",
"ADSW","Advanced Disposal Services, Inc.","26.86","2382276467.28","n/a","2016","Public Utilities","Environmental Services","https://www.nasdaq.com/symbol/adsw",
"AKTS","Akoustis Technologies, Inc.","6.45","192940159.35","n/a","n/a","Public Utilities","Telecommunications Equipment","https://www.nasdaq.com/symbol/akts",
"ALSK","Alaska Communications Systems Group, Inc.","1.81","96265715.18","n/a","1999","Public Utilities","Telecommunications Equipment","https://www.nasdaq.com/symbol/alsk",
"AQN","Algonquin Power & Utilities Corp.","11.25","5499578621.25","n/a","2016","Public Utilities","Electric Utilities: Central","https://www.nasdaq.com/symbol/aqn",
"AQNA","Algonquin Power & Utilities Corp.","26.79","0","n/a","2018","Public Utilities","Electric Utilities: Central","https://www.nasdaq.com/symbol/aqna",
"ALE","Allete, Inc.","83.23","4287963157.66","n/a","n/a","Public Utilities","Power Generation","https://www.nasdaq.com/symbol/ale",
"LNT","Alliant Energy Corporation","47.14","11128550751.5","n/a","n/a","Public Utilities","Power Generation","https://www.nasdaq.com/symbol/lnt",
"ALTM","Altus Midstream Company","6.17","2004813811.85","n/a","2017","Public Utilities","Natural Gas Distribution","https://www.nasdaq.com/symbol/altm",
"AEE","Ameren Corporation","72.94","17843959834.26","n/a","n/a","Public Utilities","Power Generation","https://www.nasdaq.com/symbol/aee",
"AMOV","America Movil, S.A.B. de C.V.","14.47","47768981782.18","n/a","n/a","Public Utilities","Telecommunications Equipment","https://www.nasdaq.com/symbol/amov",
"AMX","America Movil, S.A.B. de C.V.","14.55","48033081197.7","n/a","n/a","Public Utilities","Telecommunications Equipment","https://www.nasdaq.com/symbol/amx",
"AEP","American Electric Power Company, Inc.","83.18","41028191965.68","n/a","n/a","Public Utilities","Electric Utilities: Central","https://www.nasdaq.com/symbol/aep",
"AMID","American Midstream Partners, LP","3.99","214726414.56","n/a","2011","Public Utilities","Natural Gas Distribution","https://www.nasdaq.com/symbol/amid",
"AWR","American States Water Company","71.35","2623839526.75","n/a","n/a","Public Utilities","Water Supply","https://www.nasdaq.com/symbol/awr",
"AWK","American Water Works","105.11","18998810871.67","n/a","2008","Public Utilities","Water Supply","https://www.nasdaq.com/symbol/awk",
"AM","Antero Midstream Corporation","12.54","2349120043.38","n/a","2017","Public Utilities","Natural Gas Distribution","https://www.nasdaq.com/symbol/am",
"WTR","Aqua America, Inc.","35.57","6336642264.44","n/a","n/a","Public Utilities","Water Supply","https://www.nasdaq.com/symbol/wtr",
"WAAS","AquaVenture Holdings Limited","20.11","538545800","n/a","2016","Public Utilities","Water Supply","https://www.nasdaq.com/symbol/waas",
"AROC","Archrock, Inc.","9.84","1283278069.92","n/a","n/a","Public Utilities","Natural Gas Distribution","https://www.nasdaq.com/symbol/aroc",
"ARTNA","Artesian Resources Corporation","39.9","368925574.5","n/a","n/a","Public Utilities","Water Supply","https://www.nasdaq.com/symbol/artna",
"T","AT&T Inc.","30.28","220577381657.24","n/a","n/a","Public Utilities","Telecommunications Equipment","https://www.nasdaq.com/symbol/t",
"TBB","AT&T Inc.","24.89","0","n/a","2017","Public Utilities","Telecommunications Equipment","https://www.nasdaq.com/symbol/tbb",
"TBC","AT&T Inc.","25.05","0","n/a","2018","Public Utilities","Telecommunications Equipment","https://www.nasdaq.com/symbol/tbc",
"ATTO","Atento S.A.","3.66","270507144.96","n/a","2014","Public Utilities","Telecommunications Equipment","https://www.nasdaq.com/symbol/atto",
"AY","Atlantica Yield plc","19.45","1949225707","n/a","2014","Public Utilities","Electric Utilities: Central","https://www.nasdaq.com/symbol/ay",
"ATO","Atmos Energy Corporation","101.81","11900433049.26","n/a","n/a","Public Utilities","Oil/Gas Transmission","https://www.nasdaq.com/symbol/ato",
"ATNI","ATN International, Inc.","55.72","891706383.4","n/a","n/a","Public Utilities","Telecommunications Equipment","https://www.nasdaq.com/symbol/atni",
"AUDC","AudioCodes Ltd.","13.28","389650817.28","n/a","1999","Public Utilities","Telecommunications Equipment","https://www.nasdaq.com/symbol/audc",
"AWX","Avalon Holdings Corporation","3.25","12360825.75","n/a","n/a","Public Utilities","Environmental Services","https://www.nasdaq.com/symbol/awx",
"AGR","Avangrid, Inc.","49.49","15292670911.28","n/a","2015","Public Utilities","Electric Utilities: Central","https://www.nasdaq.com/symbol/agr",
"AVYA","Avaya Holdings Corp.","14.62","1618368546.26","n/a","n/a","Public Utilities","Telecommunications Equipment","https://www.nasdaq.com/symbol/avya",
"AVA","Avista Corporation","41.49","2726559702.81","n/a","n/a","Public Utilities","Power Generation","https://www.nasdaq.com/symbol/ava",
"AZRE","Azure Power Global Limited","10.98","449523527.76","n/a","2016","Public Utilities","Electric Utilities: Central","https://www.nasdaq.com/symbol/azre",
"BCE","BCE, Inc.","44.83","40275876577.38","n/a","n/a","Public Utilities","Telecommunications Equipment","https://www.nasdaq.com/symbol/bce",
"BKH","Black Hills Corporation","72.72","4363488334.8","n/a","n/a","Public Utilities","Electric Utilities: Central","https://www.nasdaq.com/symbol/bkh",
"BEP","Brookfield Renewable Partners L.P.","31.04","5549989372.16","n/a","n/a","Public Utilities","Electric Utilities: Central","https://www.nasdaq.com/symbol/bep",
"BT","BT Group plc","14.77","29311988686.26","n/a","n/a","Public Utilities","Telecommunications Equipment","https://www.nasdaq.com/symbol/bt",
"CDZI","Cadiz, Inc.","9.84","241247860.56","n/a","n/a","Public Utilities","Water Supply","https://www.nasdaq.com/symbol/cdzi",
"CWT","California Water  Service Group Holding","54.13","2601866710","n/a","n/a","Public Utilities","Water Supply","https://www.nasdaq.com/symbol/cwt",
"CWST","Casella Waste Systems, Inc.","34.16","1588398051.52","n/a","1997","Public Utilities","Environmental Services","https://www.nasdaq.com/symbol/cwst",
"CEL","Cellcom Israel, Ltd.","4.51","524047247.79","n/a","2007","Public Utilities","Telecommunications Equipment","https://www.nasdaq.com/symbol/cel",
"CNP","CenterPoint Energy, Inc.","30.41","15241683704.64","n/a","n/a","Public Utilities","Electric Utilities: Central","https://www.nasdaq.com/symbol/cnp",
"EBR","Centrais Electricas Brasileiras S.A.- Eletrobras","9.26","12525389200.98","n/a","2016","Public Utilities","Electric Utilities: Central","https://www.nasdaq.com/symbol/ebr",
"CEPU","Central Puerto S.A.","9.61","1454975382.25","n/a","2018","Public Utilities","Electric Utilities: Central","https://www.nasdaq.com/symbol/cepu",
"CTL","CenturyLink, Inc.","12.1","13075977167","n/a","n/a","Public Utilities","Telecommunications Equipment","https://www.nasdaq.com/symbol/ctl",
"CQP","Cheniere Energy Partners, LP","42.88","20754311194.24","n/a","2007","Public Utilities","Oil/Gas Transmission","https://www.nasdaq.com/symbol/cqp",
"LNG","Cheniere Energy, Inc.","69.31","17841483761.13","n/a","n/a","Public Utilities","Oil/Gas Transmission","https://www.nasdaq.com/symbol/lng",
"CPK","Chesapeake Utilities Corporation","93.46","1530764610.66","n/a","n/a","Public Utilities","Oil & Gas Production","https://www.nasdaq.com/symbol/cpk",
"CHL","China Mobile (Hong Kong) Ltd.","53.71","219947637258.09","n/a","n/a","Public Utilities","Telecommunications Equipment","https://www.nasdaq.com/symbol/chl",
"CHA","China Telecom Corp Ltd","53.69","43452390800","n/a","2002","Public Utilities","Telecommunications Equipment","https://www.nasdaq.com/symbol/cha",
"CHU","China Unicom (Hong Kong) Ltd","12.49","38216902000","n/a","n/a","Public Utilities","Telecommunications Equipment","https://www.nasdaq.com/symbol/chu",
"CHT","Chunghwa Telecom Co., Ltd.","34.91","27081247477","n/a","n/a","Public Utilities","Telecommunications Equipment","https://www.nasdaq.com/symbol/cht",
"CIEN","Ciena Corporation","39.43","6164336760.3","n/a","1997","Public Utilities","Telecommunications Equipment","https://www.nasdaq.com/symbol/cien",
"CBB","Cincinnati Bell Inc","9.15","460590668.7","n/a","n/a","Public Utilities","Telecommunications Equipment","https://www.nasdaq.com/symbol/cbb",
"CLNE","Clean Energy Fuels Corp.","2.92","594141092.84","n/a","2007","Public Utilities","Natural Gas Distribution","https://www.nasdaq.com/symbol/clne",
"CLFD","Clearfield, Inc.","15.38","210128573.28","n/a","n/a","Public Utilities","Telecommunications Equipment","https://www.nasdaq.com/symbol/clfd",
"CLRO","ClearOne, Inc.","1.81","30069656.7","n/a","n/a","Public Utilities","Telecommunications Equipment","https://www.nasdaq.com/symbol/clro",
"CWEN","Clearway Energy, Inc.","14.95","2891339089.6","n/a","2015","Public Utilities","Electric Utilities: Central","https://www.nasdaq.com/symbol/cwen",
"CMS","CMS Energy Corporation","55.3","15672025806.5","n/a","n/a","Public Utilities","Power Generation","https://www.nasdaq.com/symbol/cms",
"CMS^B","CMS Energy Corporation","104","0","n/a","n/a","Public Utilities","Power Generation","https://www.nasdaq.com/symbol/cms^b",
"CMSA","CMS Energy Corporation","25.05","0","n/a","2018","Public Utilities","Power Generation","https://www.nasdaq.com/symbol/cmsa",
"CMSC","CMS Energy Corporation","26.1","0","n/a","2018","Public Utilities","Power Generation","https://www.nasdaq.com/symbol/cmsc",
"CMSD","CMS Energy Corporation","25.38","0","n/a","2019","Public Utilities","Power Generation","https://www.nasdaq.com/symbol/cmsd",
"CNXM","CNX Midstream Partners LP","14.95","951595845.2","n/a","2014","Public Utilities","Natural Gas Distribution","https://www.nasdaq.com/symbol/cnxm",
"JCS","Communications Systems, Inc.","2.785","25506380.725","n/a","n/a","Public Utilities","Telecommunications Equipment","https://www.nasdaq.com/symbol/jcs",
"CIG","Comp En De Mn Cemig ADS","3.87","5643202587.21","n/a","n/a","Public Utilities","Electric Utilities: Central","https://www.nasdaq.com/symbol/cig",
"SBS","Companhia de saneamento Basico Do Estado De Sao Paulo - Sabesp","11.2","7655310532.8","n/a","2002","Public Utilities","Water Supply","https://www.nasdaq.com/symbol/sbs",
"ELP","Companhia Paranaense de Energia (COPEL)","9.94","2720134427.5","n/a","n/a","Public Utilities","Electric Utilities: Central","https://www.nasdaq.com/symbol/elp",
"CTWS","Connecticut Water Service, Inc.","67.18","810198861.6","n/a","n/a","Public Utilities","Water Supply","https://www.nasdaq.com/symbol/ctws",
"CNSL","Consolidated Communications Holdings, Inc.","10.5","747466660.5","n/a","2005","Public Utilities","Telecommunications Equipment","https://www.nasdaq.com/symbol/cnsl",
"ED","Consolidated Edison Inc","85.18","27349351807.36","n/a","n/a","Public Utilities","Power Generation","https://www.nasdaq.com/symbol/ed",
"CWCO","Consolidated Water Co. Ltd.","13.17","197079580.77","n/a","n/a","Public Utilities","Water Supply","https://www.nasdaq.com/symbol/cwco",
"CPL","CPFL Energia S.A.","16.14","8214572000.22","n/a","2004","Public Utilities","Electric Utilities: Central","https://www.nasdaq.com/symbol/cpl",
"DZSI","DASAN Zhone Solutions, Inc.","10.2","169067335.8","n/a","n/a","Public Utilities","Telecommunications Equipment","https://www.nasdaq.com/symbol/dzsi",
"DCP","DCP Midstream LP","31.22","4474366980.16","n/a","n/a","Public Utilities","Natural Gas Distribution","https://www.nasdaq.com/symbol/dcp",
"D","Dominion Energy, Inc.","76.3","60987664227.7","n/a","n/a","Public Utilities","Electric Utilities: Central","https://www.nasdaq.com/symbol/d",
"DCUD","Dominion Energy, Inc.","49.91","0","n/a","2016","Public Utilities","Electric Utilities: Central","https://www.nasdaq.com/symbol/dcud",
"DRUA","Dominion Energy, Inc.","24.84","0","n/a","2016","Public Utilities","Electric Utilities: Central","https://www.nasdaq.com/symbol/drua",
"DTE","DTE Energy Company","124.16","22587644729.6","n/a","n/a","Public Utilities","Electric Utilities: Central","https://www.nasdaq.com/symbol/dte",
"DTJ","DTE Energy Company","25.17","0","n/a","2016","Public Utilities","Electric Utilities: Central","https://www.nasdaq.com/symbol/dtj",
"DTQ","DTE Energy Company","25.02","0","n/a","n/a","Public Utilities","Electric Utilities: Central","https://www.nasdaq.com/symbol/dtq",
"DTV","DTE Energy Company","55.72","0","n/a","2016","Public Utilities","Electric Utilities: Central","https://www.nasdaq.com/symbol/dtv",
"DTW","DTE Energy Company","24.67","0","n/a","2017","Public Utilities","Electric Utilities: Central","https://www.nasdaq.com/symbol/dtw",
"DTY","DTE Energy Company","26.64","0","n/a","2016","Public Utilities","Electric Utilities: Central","https://www.nasdaq.com/symbol/dty",
"DUK","Duke Energy Corporation","90.56","65838105473.92","n/a","n/a","Public Utilities","Power Generation","https://www.nasdaq.com/symbol/duk",
"DUKB","Duke Energy Corporation","25.56","0","n/a","2018","Public Utilities","Power Generation","https://www.nasdaq.com/symbol/dukb",
"DUKH","Duke Energy Corporation","25.05","0","n/a","n/a","Public Utilities","Power Generation","https://www.nasdaq.com/symbol/dukh",
"EIX","Edison International","64.1","20884498304.6","n/a","n/a","Public Utilities","Electric Utilities: Central","https://www.nasdaq.com/symbol/eix",
"EP^C","El Paso Corporation","50.62","0","n/a","n/a","Public Utilities","Natural Gas Distribution","https://www.nasdaq.com/symbol/ep^c",
"EE","El Paso Electric Company","59.19","2411405335.2","n/a","n/a","Public Utilities","Electric Utilities: Central","https://www.nasdaq.com/symbol/ee",
"ELLO","Ellomay Capital Ltd.","8.27","88286451.16","n/a","n/a","Public Utilities","Electric Utilities: Central","https://www.nasdaq.com/symbol/ello",
"EDN","Empresa Distribuidora Y Comercializadora Norte S.A. (Edenor)","24.88","1102203082.96","n/a","2007","Public Utilities","Electric Utilities: Central","https://www.nasdaq.com/symbol/edn",
"ENBL","Enable Midstream Partners, LP","14.97","6485716572","n/a","2014","Public Utilities","Natural Gas Distribution","https://www.nasdaq.com/symbol/enbl",
"ENIA","Enel Americas S.A.","9.14","10661805493.98","n/a","n/a","Public Utilities","Electric Utilities: Central","https://www.nasdaq.com/symbol/enia",
"ENIC","Enel Chile S.A.","5.13","7195756382.28","n/a","2016","Public Utilities","Electric Utilities: Central","https://www.nasdaq.com/symbol/enic",
"ET","Energy Transfer L.P.","15.16","39709973426.92","n/a","1996","Public Utilities","Natural Gas Distribution","https://www.nasdaq.com/symbol/et",
"ENLC","EnLink Midstream, LLC","11.6","6331160578","n/a","n/a","Public Utilities","Natural Gas Distribution","https://www.nasdaq.com/symbol/enlc",
"EAB","Entergy Arkansas, LLC","24.76","0","n/a","n/a","Public Utilities","Electric Utilities: Central","https://www.nasdaq.com/symbol/eab",
"EAE","Entergy Arkansas, LLC","24.75","0","n/a","2013","Public Utilities","Electric Utilities: Central","https://www.nasdaq.com/symbol/eae",
"EAI","Entergy Arkansas, LLC","24.5","0","n/a","2016","Public Utilities","Electric Utilities: Central","https://www.nasdaq.com/symbol/eai",
"ETR","Entergy Corporation","95.01","18012044445.12","n/a","n/a","Public Utilities","Electric Utilities: Central","https://www.nasdaq.com/symbol/etr",
"ELC","Entergy Louisiana, Inc.","24.5","0","n/a","2016","Public Utilities","Electric Utilities: Central","https://www.nasdaq.com/symbol/elc",
"ELJ","Entergy Louisiana, Inc.","25.95","0","n/a","n/a","Public Utilities","Electric Utilities: Central","https://www.nasdaq.com/symbol/elj",
"ELU","Entergy Louisiana, Inc.","24.44","0","n/a","n/a","Public Utilities","Electric Utilities: Central","https://www.nasdaq.com/symbol/elu",
"EMP","Entergy Mississippi, LLC","24.73","0","n/a","2016","Public Utilities","Electric Utilities: Central","https://www.nasdaq.com/symbol/emp",
"ENJ","Entergy New Orleans, LLC","24.6622","0","n/a","n/a","Public Utilities","Power Generation","https://www.nasdaq.com/symbol/enj",
"ENO","Entergy New Orleans, LLC","26.77","0","n/a","2016","Public Utilities","Power Generation","https://www.nasdaq.com/symbol/eno",
"EZT","Entergy Texas Inc","26.3","0","n/a","2014","Public Utilities","Electric Utilities: Central","https://www.nasdaq.com/symbol/ezt",
"EPD","Enterprise Products Partners L.P.","28.46","62181510283.28","n/a","n/a","Public Utilities","Natural Gas Distribution","https://www.nasdaq.com/symbol/epd",
"EQM","EQM Midstream Partners, LP","43.08","8937274700.4","n/a","2012","Public Utilities","Natural Gas Distribution","https://www.nasdaq.com/symbol/eqm",
"ETRN","Equitrans Midstream Corporation","19.68","5004053280","n/a","2018","Public Utilities","Natural Gas Distribution","https://www.nasdaq.com/symbol/etrn",
"ESTR","Estre Ambiental, Inc.","1.26","64495282.32","n/a","n/a","Public Utilities","Environmental Services","https://www.nasdaq.com/symbol/estr",
"ESTRW","Estre Ambiental, Inc.","0.08","0","n/a","n/a","Public Utilities","Environmental Services","https://www.nasdaq.com/symbol/estrw",
"EVRG","Evergy, Inc.","56.93","14496087778.69","n/a","2018","Public Utilities","Power Generation","https://www.nasdaq.com/symbol/evrg",
"ES","Eversource Energy","70.6","22372138044.8","n/a","n/a","Public Utilities","Electric Utilities: Central","https://www.nasdaq.com/symbol/es",
"EXC","Exelon Corporation","49.63","48128490654.79","n/a","n/a","Public Utilities","Power Generation","https://www.nasdaq.com/symbol/exc",
"FN","Fabrinet","56.17","2072933460.29","n/a","2010","Public Utilities","Telecommunications Equipment","https://www.nasdaq.com/symbol/fn",
"FE","FirstEnergy Corp.","41.62","22064933523.5","n/a","n/a","Public Utilities","Electric Utilities: Central","https://www.nasdaq.com/symbol/fe",
"FTS","Fortis Inc.","36.71","15728783486.6","n/a","2016","Public Utilities","Electric Utilities: Central","https://www.nasdaq.com/symbol/fts",
"FTR","Frontier Communications Corporation","2.69","283265070","n/a","n/a","Public Utilities","Telecommunications Equipment","https://www.nasdaq.com/symbol/ftr",
"FTNW","FTE Networks, Inc.","1.48","28198416.32","n/a","n/a","Public Utilities","Telecommunications Equipment","https://www.nasdaq.com/symbol/ftnw",
"GLIBA","GCI Liberty, Inc.","55.58","5867544750.9","n/a","n/a","Public Utilities","Telecommunications Equipment","https://www.nasdaq.com/symbol/gliba",
"GLIBP","GCI Liberty, Inc.","24.23","869735850","n/a","n/a","Public Utilities","Telecommunications Equipment","https://www.nasdaq.com/symbol/glibp",
"GNE","Genie Energy Ltd.","8.11","214706783.86","n/a","2011","Public Utilities","Power Generation","https://www.nasdaq.com/symbol/gne",
"GPJA","Georgia Power Company","24.69","0","n/a","2017","Public Utilities","Electric Utilities: Central","https://www.nasdaq.com/symbol/gpja",
"GWRS","Global Water Resources, Inc.","9.51","204192024.96","n/a","2016","Public Utilities","Water Supply","https://www.nasdaq.com/symbol/gwrs",
"GLOW","Glowpoint, Inc.","0.1504","749187.52","n/a","n/a","Public Utilities","Telecommunications Equipment","https://www.nasdaq.com/symbol/glow",
"GTT","GTT Communications, Inc.","34.5","1925215885.5","n/a","n/a","Public Utilities","Telecommunications Equipment","https://www.nasdaq.com/symbol/gtt",
"HE","Hawaiian Electric Industries, Inc.","40.14","4372727246.28","n/a","n/a","Public Utilities","Electric Utilities: Central","https://www.nasdaq.com/symbol/he",
"HNP","Huaneng Power International, Inc.","24.63","9666100961.79","n/a","1994","Public Utilities","Electric Utilities: Central","https://www.nasdaq.com/symbol/hnp",
"IDA","IDACORP, Inc.","100.07","5041863435.62","n/a","n/a","Public Utilities","Electric Utilities: Central","https://www.nasdaq.com/symbol/ida",
"IDT","IDT Corporation","6.51","171078412.26","n/a","n/a","Public Utilities","Telecommunications Equipment","https://www.nasdaq.com/symbol/idt",
"INFN","Infinera Corporation","4.89","857955390","n/a","2007","Public Utilities","Telecommunications Equipment","https://www.nasdaq.com/symbol/infn",
"IGLD","Internet Gold Golden Lines Ltd.","0.84","23522676.24","n/a","1999","Public Utilities","Telecommunications Equipment","https://www.nasdaq.com/symbol/igld",
"IPLDP","Interstate Power and Light Company","25.34","0","n/a","n/a","Public Utilities","Power Generation","https://www.nasdaq.com/symbol/ipldp",
"JSYN","Jensyn Acquistion Corp.","10.96","19941522.72","n/a","2016","Public Utilities","Natural Gas Distribution","https://www.nasdaq.com/symbol/jsyn",
"JSYNR","Jensyn Acquistion Corp.","0.2572","0","n/a","2016","Public Utilities","Natural Gas Distribution","https://www.nasdaq.com/symbol/jsynr",
"JSYNU","Jensyn Acquistion Corp.","12.25","0","n/a","2016","Public Utilities","Natural Gas Distribution","https://www.nasdaq.com/symbol/jsynu",
"JSYNW","Jensyn Acquistion Corp.","0.0999","0","n/a","2016","Public Utilities","Natural Gas Distribution","https://www.nasdaq.com/symbol/jsynw",
"JE","Just Energy Group, Inc.","3.76","562187040.8","n/a","n/a","Public Utilities","Oil/Gas Transmission","https://www.nasdaq.com/symbol/je",
"KEN","Kenon Holdings Ltd.","19.14","1030243975.86","n/a","2015","Public Utilities","Electric Utilities: Central","https://www.nasdaq.com/symbol/ken",
"KMI","Kinder Morgan, Inc.","19.98","45227855251.62","n/a","2011","Public Utilities","Natural Gas Distribution","https://www.nasdaq.com/symbol/kmi",
"KEP","Korea Electric Power Corporation","15.25","19579904348.5","n/a","1994","Public Utilities","Electric Utilities: Central","https://www.nasdaq.com/symbol/kep",
"KT","KT Corporation","13.13","6437501607.68","n/a","n/a","Public Utilities","Telecommunications Equipment","https://www.nasdaq.com/symbol/kt",
"MTSL","MER Telemanagement Solutions Ltd.","1.86","6127440.78","n/a","1997","Public Utilities","Telecommunications Equipment","https://www.nasdaq.com/symbol/mtsl",
"MSEX","Middlesex Water Company","59.32","974586550.56","n/a","n/a","Public Utilities","Water Supply","https://www.nasdaq.com/symbol/msex",
"TIGO","Millicom International Cellular S.A.","60.32","6136909569.44","n/a","n/a","Public Utilities","Telecommunications Equipment","https://www.nasdaq.com/symbol/tigo",
"MBT","Mobile TeleSystems OJSC","8.04","7578683766.36","n/a","n/a","Public Utilities","Telecommunications Equipment","https://www.nasdaq.com/symbol/mbt",
"NFG","National Fuel Gas Company","60.35","5206908682","n/a","n/a","Public Utilities","Oil/Gas Transmission","https://www.nasdaq.com/symbol/nfg",
"NGG","National Grid Transco, PLC","57.98","39543884294.2","n/a","n/a","Public Utilities","Natural Gas Distribution","https://www.nasdaq.com/symbol/ngg",
"NTGR","NETGEAR, Inc.","35.9","1131054701.8","n/a","2003","Public Utilities","Telecommunications Equipment","https://www.nasdaq.com/symbol/ntgr",
"NFE","New Fortress Energy LLC","11.99","2003035299.76","n/a","2019","Public Utilities","Oil/Gas Transmission","https://www.nasdaq.com/symbol/nfe",
"NJR","NewJersey Resources Corporation","50.4","4474128607.2","n/a","n/a","Public Utilities","Oil/Gas Transmission","https://www.nasdaq.com/symbol/njr",
"NEXT","NextDecade Corporation","4.53","497624006.22","n/a","2015","Public Utilities","Oil & Gas Production","https://www.nasdaq.com/symbol/next",
"NEP","NextEra Energy Partners, LP","46.3","2599740925.6","n/a","2014","Public Utilities","Electric Utilities: Central","https://www.nasdaq.com/symbol/nep",
"NEE","NextEra Energy, Inc.","190.97","91315648429.85","n/a","n/a","Public Utilities","Electric Utilities: Central","https://www.nasdaq.com/symbol/nee",
"NMK^B","Niagara Mohawk Holdings, Inc.","92.7084","0","n/a","n/a","Public Utilities","Natural Gas Distribution","https://www.nasdaq.com/symbol/nmk^b",
"NMK^C","Niagara Mohawk Holdings, Inc.","94.75","0","n/a","n/a","Public Utilities","Natural Gas Distribution","https://www.nasdaq.com/symbol/nmk^c",
"NIHD","NII Holdings, Inc.","3.39","341960903.97","n/a","n/a","Public Utilities","Telecommunications Equipment","https://www.nasdaq.com/symbol/nihd",
"NI","NiSource, Inc","27.98","10422392332.7","n/a","n/a","Public Utilities","Power Generation","https://www.nasdaq.com/symbol/ni",
"NI^B","NiSource, Inc","26.68","0","n/a","n/a","Public Utilities","Power Generation","https://www.nasdaq.com/symbol/ni^b",
"NWN","Northwest Natural Holding Company","64.29","1857754120.59","n/a","n/a","Public Utilities","Oil/Gas Transmission","https://www.nasdaq.com/symbol/nwn",
"NWE","NorthWestern Corporation","70.65","3561416833.05","n/a","n/a","Public Utilities","Power Generation","https://www.nasdaq.com/symbol/nwe",
"NRG","NRG Energy, Inc.","43.06","12099754503","n/a","n/a","Public Utilities","Electric Utilities: Central","https://www.nasdaq.com/symbol/nrg",
"OPTT","Ocean Power Technologies, Inc.","5.38","258309.94","n/a","2007","Public Utilities","Electric Utilities: Central","https://www.nasdaq.com/symbol/optt",
"OGE","OGE Energy Corp","42.79","8546545758.85","n/a","n/a","Public Utilities","Electric Utilities: Central","https://www.nasdaq.com/symbol/oge",
"OGS","ONE Gas, Inc.","88.86","4671660505.62","n/a","2014","Public Utilities","Oil/Gas Transmission","https://www.nasdaq.com/symbol/ogs",
"OKE","ONEOK, Inc.","67.31","27705562122.42","n/a","n/a","Public Utilities","Oil & Gas Production","https://www.nasdaq.com/symbol/oke",
"ORAN","Orange","15.32","40633353841.44","n/a","n/a","Public Utilities","Telecommunications Equipment","https://www.nasdaq.com/symbol/oran",
"ORA","Ormat Technologies, Inc.","55.09","2793182765.66","n/a","2004","Public Utilities","Electric Utilities: Central","https://www.nasdaq.com/symbol/ora",
"OTEL","Otelco Inc.","15.5","52523672","n/a","n/a","Public Utilities","Telecommunications Equipment","https://www.nasdaq.com/symbol/otel",
"OTTR","Otter Tail Corporation","50.74","2015885383.92","n/a","n/a","Public Utilities","Electric Utilities: Central","https://www.nasdaq.com/symbol/ottr",
"PCG","Pacific Gas & Electric Co.","19.46","10266345408.34","n/a","n/a","Public Utilities","Power Generation","https://www.nasdaq.com/symbol/pcg",
"PAM","Pampa Energia S.A.","30.79","2315161680","n/a","n/a","Public Utilities","Electric Utilities: Central","https://www.nasdaq.com/symbol/pam",
"PTNR","Partner Communications Company Ltd.","4.18","22723520.82","5436249","n/a","Public Utilities","Telecommunications Equipment","https://www.nasdaq.com/symbol/ptnr",
"PEGI","Pattern Energy Group Inc.","21.87","2149840989.18","n/a","2013","Public Utilities","Electric Utilities: Central","https://www.nasdaq.com/symbol/pegi",
"PDVW","pdvWireless, Inc.","40.12","589589076.8","n/a","2015","Public Utilities","Telecommunications Equipment","https://www.nasdaq.com/symbol/pdvw",
"PNW","Pinnacle West Capital Corporation","95.38","10696534219.18","n/a","n/a","Public Utilities","Electric Utilities: Central","https://www.nasdaq.com/symbol/pnw",
"PLT","Plantronics, Inc.","48.59","1917863723.42","n/a","1994","Public Utilities","Telecommunications Equipment","https://www.nasdaq.com/symbol/plt",
"PHI","PLDT Inc.","21.49","4643038604.75","n/a","n/a","Public Utilities","Telecommunications Equipment","https://www.nasdaq.com/symbol/phi",
"PNM","PNM Resources, Inc. (Holding Co.)","46.82","3729382675.68","n/a","n/a","Public Utilities","Electric Utilities: Central","https://www.nasdaq.com/symbol/pnm",
"POR","Portland General Electric Company","52.25","4664345743.75","n/a","n/a","Public Utilities","Electric Utilities: Central","https://www.nasdaq.com/symbol/por",
"PPX","PPL Capital Funding, Inc.","25.54","0","n/a","n/a","Public Utilities","Electric Utilities: Central","https://www.nasdaq.com/symbol/ppx",
"PPL","PPL Corporation","32.5","23430449152.5","n/a","n/a","Public Utilities","Electric Utilities: Central","https://www.nasdaq.com/symbol/ppl",
"TLK","PT Telekomunikasi Indonesia, Tbk","26.16","25914675862.56","n/a","n/a","Public Utilities","Telecommunications Equipment","https://www.nasdaq.com/symbol/tlk",
"PEG","Public Service Enterprise Group Incorporated","59.51","30052522387.36","n/a","n/a","Public Utilities","Power Generation","https://www.nasdaq.com/symbol/peg",
"PCYO","Pure Cycle Corporation","9.93","236300218.14","n/a","n/a","Public Utilities","Water Supply","https://www.nasdaq.com/symbol/pcyo",
"CTAA","Qwest Corporation","24.72","0","n/a","2016","Public Utilities","Telecommunications Equipment","https://www.nasdaq.com/symbol/ctaa",
"CTBB","Qwest Corporation","21.73","0","n/a","2016","Public Utilities","Telecommunications Equipment","https://www.nasdaq.com/symbol/ctbb",
"CTDD","Qwest Corporation","22.69","0","n/a","2017","Public Utilities","Telecommunications Equipment","https://www.nasdaq.com/symbol/ctdd",
"CTV","Qwest Corporation","24.72","0","n/a","2014","Public Utilities","Telecommunications Equipment","https://www.nasdaq.com/symbol/ctv",
"CTY","Qwest Corporation","21.5","0","n/a","2013","Public Utilities","Telecommunications Equipment","https://www.nasdaq.com/symbol/cty",
"CTZ","Qwest Corporation","22.89","0","n/a","n/a","Public Utilities","Telecommunications Equipment","https://www.nasdaq.com/symbol/ctz",
"RSG","Republic Services, Inc.","78.7","25311141581.4","n/a","1998","Public Utilities","Environmental Services","https://www.nasdaq.com/symbol/rsg",
"RGCO","RGC Resources Inc.","27.19","218144527.11","n/a","n/a","Public Utilities","Oil & Gas Production","https://www.nasdaq.com/symbol/rgco",
"SRE","Sempra Energy","124.34","34074046064.64","n/a","n/a","Public Utilities","Natural Gas Distribution","https://www.nasdaq.com/symbol/sre",
"SRE^A","Sempra Energy","106.08","0","n/a","n/a","Public Utilities","Natural Gas Distribution","https://www.nasdaq.com/symbol/sre^a",
"SHEN","Shenandoah Telecommunications Co","46.84","2334077997.64","n/a","n/a","Public Utilities","Telecommunications Equipment","https://www.nasdaq.com/symbol/shen",
"SJW","SJW Group","61.34","1743721074.3","n/a","n/a","Public Utilities","Water Supply","https://www.nasdaq.com/symbol/sjw",
"SKM","SK Telecom Co., Ltd.","24.22","15681866951.94","n/a","n/a","Public Utilities","Telecommunications Equipment","https://www.nasdaq.com/symbol/skm",
"SKYS","Sky Solar Holdings, Ltd.","0.88","12618560.24","14339273","2014","Public Utilities","Electric Utilities: Central","https://www.nasdaq.com/symbol/skys",
"SJI","South Jersey Industries, Inc.","31.34","2893180494.04","n/a","n/a","Public Utilities","Oil/Gas Transmission","https://www.nasdaq.com/symbol/sji",
"SJIU","South Jersey Industries, Inc.","51.25","0","n/a","n/a","Public Utilities","Oil/Gas Transmission","https://www.nasdaq.com/symbol/sjiu",
"SO","Southern Company (The)","51.73","53518010152.67","n/a","n/a","Public Utilities","Electric Utilities: Central","https://www.nasdaq.com/symbol/so",
"SOJA","Southern Company (The)","26.21","0","n/a","2015","Public Utilities","Electric Utilities: Central","https://www.nasdaq.com/symbol/soja",
"SOJB","Southern Company (The)","24.88","0","n/a","2016","Public Utilities","Electric Utilities: Central","https://www.nasdaq.com/symbol/sojb",
"SOJC","Southern Company (The)","24.6","0","n/a","2017","Public Utilities","Electric Utilities: Central","https://www.nasdaq.com/symbol/sojc",
"SWX","Southwest Gas Holdings, Inc.","83.53","4433802220.21","n/a","n/a","Public Utilities","Oil & Gas Production","https://www.nasdaq.com/symbol/swx",
"SPKE","Spark Energy, Inc.","9.03","315525104.16","n/a","2014","Public Utilities","Power Generation","https://www.nasdaq.com/symbol/spke",
"SPKEP","Spark Energy, Inc.","23.25","0","n/a","n/a","Public Utilities","Power Generation","https://www.nasdaq.com/symbol/spkep",
"SR","Spire Inc.","80.51","4085099701.27","n/a","n/a","Public Utilities","Oil/Gas Transmission","https://www.nasdaq.com/symbol/sr",
"SPOK","Spok Holdings, Inc.","13.83","267508918.65","n/a","n/a","Public Utilities","Telecommunications Equipment","https://www.nasdaq.com/symbol/spok",
"S","Sprint Corporation","6.3","25693395613.2","n/a","2013","Public Utilities","Telecommunications Equipment","https://www.nasdaq.com/symbol/s",
"SMLP","Summit Midstream Partners, LP","10.04","737561030.16","n/a","2012","Public Utilities","Natural Gas Distribution","https://www.nasdaq.com/symbol/smlp",
"SUNW","Sunworks, Inc.","0.49","12787470.71","n/a","n/a","Public Utilities","Telecommunications Equipment","https://www.nasdaq.com/symbol/sunw",
"TGE","Tallgrass Energy, LP","23.81","6672553781.74","n/a","2015","Public Utilities","Natural Gas Distribution","https://www.nasdaq.com/symbol/tge",
"TRGP","Targa Resources, Inc.","40.78","9466800919.4","n/a","2010","Public Utilities","Natural Gas Distribution","https://www.nasdaq.com/symbol/trgp",
"TCP","TC PipeLines, LP","36.28","2655928046.88","n/a","n/a","Public Utilities","Natural Gas Distribution","https://www.nasdaq.com/symbol/tcp",
"TEO","Telecom Argentina Stet - France Telecom S.A.","15.34","6607514814.68","n/a","n/a","Public Utilities","Telecommunications Equipment","https://www.nasdaq.com/symbol/teo",
"VIV","Telefonica Brasil S.A.","12.37","20889142009.12","n/a","n/a","Public Utilities","Telecommunications Equipment","https://www.nasdaq.com/symbol/viv",
"TEF","Telefonica SA","8.65","44911939083.9","n/a","1988","Public Utilities","Telecommunications Equipment","https://www.nasdaq.com/symbol/tef",
"TDA","Telephone and Data Systems, Inc.","22.37","0","n/a","n/a","Public Utilities","Telecommunications Equipment","https://www.nasdaq.com/symbol/tda",
"TDE","Telephone and Data Systems, Inc.","25.09","0","n/a","n/a","Public Utilities","Telecommunications Equipment","https://www.nasdaq.com/symbol/tde",
"TDI","Telephone and Data Systems, Inc.","25.89","0","n/a","n/a","Public Utilities","Telecommunications Equipment","https://www.nasdaq.com/symbol/tdi",
"TDJ","Telephone and Data Systems, Inc.","25.5","0","n/a","n/a","Public Utilities","Telecommunications Equipment","https://www.nasdaq.com/symbol/tdj",
"TDS","Telephone and Data Systems, Inc.","32.03","3645779517","n/a","n/a","Public Utilities","Telecommunications Equipment","https://www.nasdaq.com/symbol/tds",
"TU","TELUS Corporation","35.95","21579142588.3","n/a","n/a","Public Utilities","Telecommunications Equipment","https://www.nasdaq.com/symbol/tu",
"TVC","Tennessee Valley Authority","26.375","0","n/a","n/a","Public Utilities","Electric Utilities: Central","https://www.nasdaq.com/symbol/tvc",
"TVE","Tennessee Valley Authority","25.55","0","n/a","n/a","Public Utilities","Electric Utilities: Central","https://www.nasdaq.com/symbol/tve",
"TERP","TerraForm Power, Inc.","12.55","2624728586","n/a","2014","Public Utilities","Electric Utilities: Central","https://www.nasdaq.com/symbol/terp",
"YORW","The York Water Company","34.26","443042680.02","n/a","n/a","Public Utilities","Water Supply","https://www.nasdaq.com/symbol/yorw",
"TSU","TIM Participacoes S.A.","16.17","7829619024.15","n/a","n/a","Public Utilities","Telecommunications Equipment","https://www.nasdaq.com/symbol/tsu",
"TMUS","T-Mobile US, Inc.","72.25","61428500774","n/a","n/a","Public Utilities","Telecommunications Equipment","https://www.nasdaq.com/symbol/tmus",
"TAC","TransAlta Corporation","6.18","1760329536.06","n/a","n/a","Public Utilities","Electric Utilities: Central","https://www.nasdaq.com/symbol/tac",
"TRP","TransCanada Corporation","45.27","41744447140.77","n/a","n/a","Public Utilities","Natural Gas Distribution","https://www.nasdaq.com/symbol/trp",
"TGS","Transportadora De Gas Sa Ord B","14.1","2202122490","n/a","n/a","Public Utilities","Natural Gas Distribution","https://www.nasdaq.com/symbol/tgs",
"TKC","Turkcell Iletisim Hizmetleri AS","6.44","5667200000","n/a","n/a","Public Utilities","Telecommunications Equipment","https://www.nasdaq.com/symbol/tkc",
"UGI","UGI Corporation","55.01","9563163941","n/a","n/a","Public Utilities","Natural Gas Distribution","https://www.nasdaq.com/symbol/ugi",
"UGP","Ultrapar Participacoes S.A.","14.28","7754253443.16","n/a","n/a","Public Utilities","Oil/Gas Transmission","https://www.nasdaq.com/symbol/ugp",
"USM","United States Cellular Corporation","46.88","4046006528","n/a","1988","Public Utilities","Telecommunications Equipment","https://www.nasdaq.com/symbol/usm",
"UZA","United States Cellular Corporation","25.09","0","n/a","n/a","Public Utilities","Telecommunications Equipment","https://www.nasdaq.com/symbol/uza",
"UZB","United States Cellular Corporation","25.92","0","n/a","2014","Public Utilities","Telecommunications Equipment","https://www.nasdaq.com/symbol/uzb",
"UZC","United States Cellular Corporation","26","0","n/a","2015","Public Utilities","Telecommunications Equipment","https://www.nasdaq.com/symbol/uzc",
"UTL","UNITIL Corporation","55.28","822459986","n/a","n/a","Public Utilities","Power Generation","https://www.nasdaq.com/symbol/utl",
"ECOL","US Ecology, Inc.","57.11","1260431577.73","n/a","n/a","Public Utilities","Environmental Services","https://www.nasdaq.com/symbol/ecol",
"USAC","USA Compression Partners, LP","15.97","1539483549.93","n/a","2013","Public Utilities","Natural Gas Distribution","https://www.nasdaq.com/symbol/usac",
"VEON","VEON Ltd.","2.49","3698711902.83","1485426467","n/a","Public Utilities","Telecommunications Equipment","https://www.nasdaq.com/symbol/veon",
"VZ","Verizon Communications Inc.","57.66","238253765613.78","n/a","n/a","Public Utilities","Telecommunications Equipment","https://www.nasdaq.com/symbol/vz",
"DYNC","Vistra Energy Corp.","99.95","0","n/a","2016","Public Utilities","Electric Utilities: Central","https://www.nasdaq.com/symbol/dync",
"VST","Vistra Energy Corp.","26.02","12642972496.16","n/a","n/a","Public Utilities","Electric Utilities: Central","https://www.nasdaq.com/symbol/vst",
"VVPR","VivoPower International PLC","1.94","26301309.44","n/a","n/a","Public Utilities","Power Generation","https://www.nasdaq.com/symbol/vvpr",
"VOD","Vodafone Group Plc","18.42","8734271338.68","474173254","n/a","Public Utilities","Telecommunications Equipment","https://www.nasdaq.com/symbol/vod",
"VG","Vonage Holdings Corp.","10.17","2439418151.25","n/a","2006","Public Utilities","Telecommunications Equipment","https://www.nasdaq.com/symbol/vg",
"WCN","Waste Connections, Inc.","85.2","22430714930.4","n/a","n/a","Public Utilities","Environmental Services","https://www.nasdaq.com/symbol/wcn",
"WM","Waste Management, Inc.","101.08","42835635903.2","n/a","n/a","Public Utilities","Environmental Services","https://www.nasdaq.com/symbol/wm",
"WEC","WEC Energy Group, Inc.","77.8","24542424129.4","n/a","n/a","Public Utilities","Power Generation","https://www.nasdaq.com/symbol/wec",
"WSTL","Westell Technologies, Inc.","2.16","33236131.68","n/a","1995","Public Utilities","Telecommunications Equipment","https://www.nasdaq.com/symbol/wstl",
"WES","Western Midstream Partners, LP","32.22","14593655819.34","n/a","2012","Public Utilities","Natural Gas Distribution","https://www.nasdaq.com/symbol/wes",
"WMB","Williams Companies, Inc. (The)","27.7","33544180985.1","n/a","n/a","Public Utilities","Natural Gas Distribution","https://www.nasdaq.com/symbol/wmb",
"XEL","Xcel Energy Inc.","56.65","29130073997.2","n/a","n/a","Public Utilities","Power Generation","https://www.nasdaq.com/symbol/xel",
"ZAYO","Zayo Group Holdings, Inc.","28.64","6726911791.2","n/a","2014","Public Utilities","Telecommunications Equipment","https://www.nasdaq.com/symbol/zayo",
